Athlete,START_DATE,MEET_TITLE,Round,Dive,Shape,height,DD,J1,J2,J3,J4,J5,J6,J7,Total,Points,Direction,Direction name,Dive_code
Laura,2014-10-17T00:00:00Z,2014 Pullar Family Championship,3,5253,B,10,3.2,5.5,6.5,5.5,6,4.5,6,6.5,17.5,56,52,Backward Twist,5253B
Laura,2014-10-17T00:00:00Z,2014 Pullar Family Championship,2,6243,D,10,3.2,4.5,6,4.5,5.5,5.5,4.5,5.5,15.5,49.6,62,Armstand backward,6243D
Laura,2014-10-17T00:00:00Z,2014 Pullar Family Championship,1,107,B,10,3,3.5,4,3,5,4.5,4,4.5,12.5,37.5,10,Forwards,107B
Laura,2014-10-17T00:00:00Z,2014 Pullar Family Championship,1,107,B,10,3,3,3,2.5,3.5,3.5,3.5,2,9.5,28.5,10,Forwards,107B
Laura,2014-10-17T00:00:00Z,2014 Pullar Family Championship,2,6243,D,10,3.2,4.5,4.5,5,5,4,4.5,4.5,13.5,43.2,62,Armstand backward,6243D
Laura,2014-10-17T00:00:00Z,2014 Pullar Family Championship,3,5253,B,10,3.2,5,5.5,5.5,5,5.5,5.5,5,16,51.2,52,Backward Twist,5253B
Laura,2014-11-01T00:00:00Z,SA State Open &amp; Synchro Championships,2,6243,D,10,3.2,5.5,6,6.5,6.5,5.5,0,0,18,57.6,62,Armstand backward,6243D
Laura,2014-11-01T00:00:00Z,SA State Open &amp; Synchro Championships,3,5253,B,10,3.2,6,6,6.5,6,6.5,0,0,18.5,59.2,52,Backward Twist,5253B
Laura,2014-11-01T00:00:00Z,SA State Open &amp; Synchro Championships,2,6243,D,10,3.2,5,5,6,5.5,6,0,0,16.5,52.8,62,Armstand backward,6243D
Laura,2014-11-01T00:00:00Z,SA State Open &amp; Synchro Championships,3,5253,B,10,3.2,5.5,6,6,5.5,6,0,0,17.5,56,52,Backward Twist,5253B
Laura,2014-11-14T00:00:00Z,2014 Victorian Open Championships,2,6243,D,10,3.2,6,5.5,6,5.5,6,5,5.5,17,54.4,62,Armstand backward,6243D
Laura,2014-11-14T00:00:00Z,2014 Victorian Open Championships,3,5253,B,10,3.2,6,6.5,7,6.5,6.5,6,5.5,19,60.8,52,Backward Twist,5253B
Laura,2014-11-14T00:00:00Z,2014 Victorian Open Championships,3,5253,B,10,3.2,4.5,3.5,4.5,4,5.5,5,4.5,13.5,43.2,52,Backward Twist,5253B
Laura,2014-11-14T00:00:00Z,2014 Victorian Open Championships,2,6243,D,10,3.2,3.5,4,4,3.5,4,4,5.5,12,38.4,62,Armstand backward,6243D
Laura,2014-11-29T00:00:00Z,14-15 Victorian Pennant Series Week 3,3,5253,B,10,3.2,6.5,7,5.5,6,6.5,0,0,19,60.8,52,Backward Twist,5253B
Laura,2014-11-29T00:00:00Z,14-15 Victorian Pennant Series Week 3,2,6243,D,10,3.2,4,5,4,3.5,4.5,0,0,12.5,40,62,Armstand backward,6243D
Laura,2014-12-11T00:00:00Z,2014/15 Australian Open Championships,2,6243,D,10,3.2,6,7,6,7,7,5.5,6,19,60.8,62,Armstand backward,6243D
Laura,2014-12-11T00:00:00Z,2014/15 Australian Open Championships,3,5253,B,10,3.2,4.5,5.5,5,5.5,6,5,6,16,51.2,52,Backward Twist,5253B
Laura,2014-12-11T00:00:00Z,2014/15 Australian Open Championships,2,6243,D,10,3.2,7.5,6.5,6.5,6.5,6.5,6,6,19.5,62.4,62,Armstand backward,6243D
Laura,2014-12-11T00:00:00Z,2014/15 Australian Open Championships,3,5253,B,10,3.2,4.5,5,4.5,4,5,5,3.5,14,44.8,52,Backward Twist,5253B
Laura,2014-12-11T00:00:00Z,2014/15 Australian Open Championships,3,5253,B,10,3.2,5.5,6.5,5.5,5.5,5,5,5.5,16.5,52.8,52,Backward Twist,5253B
Laura,2014-12-11T00:00:00Z,2014/15 Australian Open Championships,2,6243,D,10,3.2,4.5,4,4.5,4,4.5,3.5,3,12.5,40,62,Armstand backward,6243D
Laura,2015-01-17T00:00:00Z,2015 Australian Domestic Grand Prix - Gold Coast,3,5253,B,10,3.2,4.5,5,5.5,4.5,5,5,5.5,15,48,52,Backward Twist,5253B
Laura,2015-01-17T00:00:00Z,2015 Australian Domestic Grand Prix - Gold Coast,2,6243,D,10,3.2,6,5.5,6,5,6.5,7,7,18.5,59.2,62,Armstand backward,6243D
Laura,2015-01-17T00:00:00Z,2015 Australian Domestic Grand Prix - Gold Coast,2,6243,D,10,3.2,5.5,5,4.5,4.5,5.5,5.5,6,16,51.2,62,Armstand backward,6243D
Laura,2015-01-17T00:00:00Z,2015 Australian Domestic Grand Prix - Gold Coast,3,5253,B,10,3.2,5,6.5,6,5,6,5,5.5,16.5,52.8,52,Backward Twist,5253B
Laura,2015-01-23T00:00:00Z,2015 Australian Domestic Grand Prix - Brisbane,2,6243,D,10,3.2,4.5,4,5.5,4.5,4,4,4.5,13,41.6,62,Armstand backward,6243D
Laura,2015-01-23T00:00:00Z,2015 Australian Domestic Grand Prix - Brisbane,3,5253,B,10,3.2,4.5,3.5,6.5,5.5,4.5,5,5,14.5,46.4,52,Backward Twist,5253B
Laura,2015-01-23T00:00:00Z,2015 Australian Domestic Grand Prix - Brisbane,3,5253,B,10,3.2,4.5,6,5,4.5,5,5,4.5,14.5,46.4,52,Backward Twist,5253B
Laura,2015-01-23T00:00:00Z,2015 Australian Domestic Grand Prix - Brisbane,2,6243,D,10,3.2,7,8,7.5,8,7.5,6,7,22,70.4,62,Armstand backward,6243D
Laura,2015-02-27T00:00:00Z,2015 Victorian Open &amp; Age Championships,3,5253,B,10,3.2,4,3.5,4.5,4,4.5,4.5,4,12.5,40,52,Backward Twist,5253B
Laura,2015-02-27T00:00:00Z,2015 Victorian Open &amp; Age Championships,2,6243,D,10,3.2,4.5,5,6,6,5.5,5.5,5.5,16.5,52.8,62,Armstand backward,6243D
Laura,2015-02-27T00:00:00Z,2015 Victorian Open &amp; Age Championships,2,6243,D,10,3.2,4.5,4.5,4.5,4,5,4,3.5,13,41.6,62,Armstand backward,6243D
Laura,2015-02-27T00:00:00Z,2015 Victorian Open &amp; Age Championships,3,5253,B,10,3.2,6,5.5,6,6,6,5.5,7,18,57.6,52,Backward Twist,5253B
Laura,2015-04-30T00:00:00Z,2015 Australian Open &amp; World Championship Trials,1,407,C,10,3.2,4,3,2,3.5,4,4,4,11.5,36.8,40,Inward,407C
Laura,2015-04-30T00:00:00Z,2015 Australian Open &amp; World Championship Trials,2,107,B,10,3,4,3.5,3,3,4,3,3.5,10,30,10,Forwards,107B
Laura,2015-04-30T00:00:00Z,2015 Australian Open &amp; World Championship Trials,3,6243,D,10,3.2,6.5,7,7,6.5,7,7,7.5,21,67.2,62,Armstand backward,6243D
Laura,2015-04-30T00:00:00Z,2015 Australian Open &amp; World Championship Trials,4,5253,B,10,3.2,5.5,5.5,4.5,5,5,4.5,5.5,15.5,49.6,52,Backward Twist,5253B
Laura,2015-04-30T00:00:00Z,2015 Australian Open &amp; World Championship Trials,5,305,C,10,2.8,7,6,6,5.5,5.5,6.5,6.5,18.5,51.8,30,Reverse,305C
Laura,2015-04-30T00:00:00Z,2015 Australian Open &amp; World Championship Trials,5,305,C,10,2.8,3.5,3,3,3,2.5,2.5,3,9,25.2,30,Reverse,305C
Laura,2015-04-30T00:00:00Z,2015 Australian Open &amp; World Championship Trials,4,5253,B,10,3.2,5.5,6.5,6.5,6.5,6,6,6,18.5,59.2,52,Backward Twist,5253B
Laura,2015-04-30T00:00:00Z,2015 Australian Open &amp; World Championship Trials,3,6243,D,10,3.2,6,6.5,6.5,5.5,6,5.5,6,18,57.6,62,Armstand backward,6243D
Laura,2015-04-30T00:00:00Z,2015 Australian Open &amp; World Championship Trials,2,107,B,10,3,5.5,6,6.5,5.5,5,5.5,6,17,51,10,Forwards,107B
Laura,2015-04-30T00:00:00Z,2015 Australian Open &amp; World Championship Trials,1,407,C,10,3.2,4.5,4,5.5,5,4.5,4,4.5,13.5,43.2,40,Inward,407C
Laura,2015-04-30T00:00:00Z,2015 Australian Open &amp; World Championship Trials,1,407,C,10,3.2,3.5,3.5,2.5,2.5,3.5,3.5,3,10,32,40,Inward,407C
Laura,2015-04-30T00:00:00Z,2015 Australian Open &amp; World Championship Trials,2,107,B,10,3,7,7,6.5,7,7,7.5,6.5,21,63,10,Forwards,107B
Laura,2015-04-30T00:00:00Z,2015 Australian Open &amp; World Championship Trials,3,6243,D,10,3.2,7.5,7,7.5,7,7,8.5,8,22,70.4,62,Armstand backward,6243D
Laura,2015-04-30T00:00:00Z,2015 Australian Open &amp; World Championship Trials,4,5253,B,10,3.2,6.5,6.5,6.5,6,5.5,5.5,5.5,18,57.6,52,Backward Twist,5253B
Laura,2015-04-30T00:00:00Z,2015 Australian Open &amp; World Championship Trials,5,305,C,10,2.8,4.5,4,3,4.5,5.5,5,5.5,14,39.2,30,Reverse,305C
Laura,2015-12-06T00:00:00Z,ADGP Event 1/World Cup Trials,1,305,C,10,2.8,7.5,7.5,7.5,7,7,7,8.5,22,61.6,30,Reverse,305C
Laura,2015-12-06T00:00:00Z,ADGP Event 1/World Cup Trials,2,6243,D,10,3.2,6.5,7,6.5,7,6.5,7,7,20.5,65.6,62,Armstand backward,6243D
Laura,2015-12-06T00:00:00Z,ADGP Event 1/World Cup Trials,3,407,C,10,3.2,2.5,4,2.5,4.5,4,3,3.5,10.5,33.6,40,Inward,407C
Laura,2015-12-06T00:00:00Z,ADGP Event 1/World Cup Trials,4,107,B,10,3,4,3.5,3,4.5,4,4,3.5,11.5,34.5,10,Forwards,107B
Laura,2015-12-06T00:00:00Z,ADGP Event 1/World Cup Trials,5,5253,B,10,3.2,3.5,3,1.5,5.5,4,4.5,5.5,12,38.4,52,Backward Twist,5253B
Laura,2015-12-06T00:00:00Z,ADGP Event 1/World Cup Trials,1,305,C,10,2.8,7.5,7.5,7.5,8,8,7.5,8,23,64.4,30,Reverse,305C
Laura,2015-12-06T00:00:00Z,ADGP Event 1/World Cup Trials,2,6243,D,10,3.2,6,4.5,5,5,5.5,5,5.5,15.5,49.6,62,Armstand backward,6243D
Laura,2015-12-06T00:00:00Z,ADGP Event 1/World Cup Trials,3,407,C,10,3.2,5.5,4.5,5,4.5,5.5,4.5,4.5,14,44.8,40,Inward,407C
Laura,2015-12-06T00:00:00Z,ADGP Event 1/World Cup Trials,4,107,B,10,3,6.5,6.5,5.5,6.5,7,7,7,20,60,10,Forwards,107B
Laura,2015-12-06T00:00:00Z,ADGP Event 1/World Cup Trials,5,5253,B,10,3.2,6.5,7,6,6.5,6.5,6.5,6.5,19.5,62.4,52,Backward Twist,5253B
Laura,2015-12-06T00:00:00Z,ADGP Event 1/World Cup Trials,5,5253,B,10,3.2,6.5,7.5,5.5,5,6,7,6.5,19,60.8,52,Backward Twist,5253B
Laura,2015-12-06T00:00:00Z,ADGP Event 1/World Cup Trials,4,107,B,10,3,7.5,6.5,7,7.5,7,6.5,7,21,63,10,Forwards,107B
Laura,2015-12-06T00:00:00Z,ADGP Event 1/World Cup Trials,3,407,C,10,3.2,4.5,7,6.5,6,5.5,5.5,5.5,17,54.4,40,Inward,407C
Laura,2015-12-06T00:00:00Z,ADGP Event 1/World Cup Trials,2,6243,D,10,3.2,6.5,7.5,7,7.5,7.5,7,7.5,22,70.4,62,Armstand backward,6243D
Laura,2015-12-06T00:00:00Z,ADGP Event 1/World Cup Trials,1,305,C,10,2.8,1.5,3.5,2.5,2,2,2,3.5,6.5,18.2,30,Reverse,305C
Laura,2015-12-12T00:00:00Z,ADGP Event 2/Oceania Championships,1,305,C,10,2.8,5.5,4.5,4,5.5,6,6,6,17,47.6,30,Reverse,305C
Laura,2015-12-12T00:00:00Z,ADGP Event 2/Oceania Championships,2,6243,D,10,3.2,4,4.5,3.5,3.5,4,4,4,12,38.4,62,Armstand backward,6243D
Laura,2015-12-12T00:00:00Z,ADGP Event 2/Oceania Championships,3,407,C,10,3.2,2,3,3,3.5,3,2,2,8,25.6,40,Inward,407C
Laura,2015-12-12T00:00:00Z,ADGP Event 2/Oceania Championships,4,107,B,10,3,4.5,5,5.5,5.5,5,5.5,6,16,48,10,Forwards,107B
Laura,2015-12-12T00:00:00Z,ADGP Event 2/Oceania Championships,5,5253,B,10,3.2,4.5,4.5,4.5,4,4,4.5,4.5,13.5,43.2,52,Backward Twist,5253B
Laura,2015-12-12T00:00:00Z,ADGP Event 2/Oceania Championships,1,305,C,10,2.8,3.5,3.5,3,2.5,2.5,3.5,2,9,25.2,30,Reverse,305C
Laura,2015-12-12T00:00:00Z,ADGP Event 2/Oceania Championships,2,6243,D,10,3.2,5.5,6,5.5,5,6,5.5,5,16.5,52.8,62,Armstand backward,6243D
Laura,2015-12-12T00:00:00Z,ADGP Event 2/Oceania Championships,3,407,C,10,3.2,3,3.5,1.5,2.5,2,2,2,6.5,20.8,40,Inward,407C
Laura,2015-12-12T00:00:00Z,ADGP Event 2/Oceania Championships,4,107,B,10,3,4,4.5,4,5,4.5,4,5,13,39,10,Forwards,107B
Laura,2015-12-12T00:00:00Z,ADGP Event 2/Oceania Championships,5,5253,B,10,3.2,5,5.5,5.5,5,5.5,6,5,16,51.2,52,Backward Twist,5253B
Laura,2015-10-16T00:00:00Z,FINA Diving Grand Prix 2015 (Singapore),5,5253,B,10,3.2,6.5,5.5,4.5,5.5,6,6,6,29,55.68,52,Backward Twist,5253B
Laura,2015-10-16T00:00:00Z,FINA Diving Grand Prix 2015 (Singapore),1,103,B,10,2,7,7,7.5,8,7,7,7.5,36,43.2,10,Forwards,103B
Laura,2015-10-16T00:00:00Z,FINA Diving Grand Prix 2015 (Singapore),2,201,B,10,2,6.5,7.5,7,8.5,6.5,6.5,6.5,34,40.8,20,Backward,201B
Laura,2015-10-16T00:00:00Z,FINA Diving Grand Prix 2015 (Singapore),3,305,C,10,2.8,1,2,6.5,6.5,2,3,4.5,20.5,34.44,30,Reverse,305C
Laura,2015-10-16T00:00:00Z,FINA Diving Grand Prix 2015 (Singapore),4,407,C,10,3.2,4,4,4,3.5,4,4,5,21,40.32,40,Inward,407C
Laura,2015-10-16T00:00:00Z,FINA Diving Grand Prix 2015 (Singapore),5,5253,B,10,3.2,5,4,4.5,4.5,4.5,6,5.5,26.5,50.88,52,Backward Twist,5253B
Laura,2015-10-16T00:00:00Z,FINA Diving Grand Prix 2015 (Singapore),1,301,B,10,2,7.5,7.5,4,6,6,6.5,5.5,33,39.6,30,Reverse,301B
Laura,2015-10-16T00:00:00Z,FINA Diving Grand Prix 2015 (Singapore),2,201,B,10,2,7,8,5.5,6,7,7,7.5,34,40.8,20,Backward,201B
Laura,2015-10-16T00:00:00Z,FINA Diving Grand Prix 2015 (Singapore),3,407,C,10,3.2,4.5,4.5,4,4,5,5,7,25,48,40,Inward,407C
Laura,2015-10-16T00:00:00Z,FINA Diving Grand Prix 2015 (Singapore),4,107,B,10,3,4.5,6.5,4,3.5,5.5,5,5,24,43.2,10,Forwards,107B
Laura,2016-12-10T00:00:00Z,ADGP - Gold Coast,5,5253,B,10,3.2,4,3,3,4.5,3.5,4,4,11.5,36.8,52,Backward Twist,5253B
Laura,2016-12-10T00:00:00Z,ADGP - Gold Coast,5,5253,B,10,3.2,4.5,5.5,5,4.5,5,5,4.5,14.5,46.4,52,Backward Twist,5253B
Laura,2016-12-10T00:00:00Z,ADGP - Gold Coast,4,107,B,10,3,3,3,3,3,2.5,2,2.5,8.5,25.5,10,Forwards,107B
Laura,2016-12-10T00:00:00Z,ADGP - Gold Coast,3,407,C,10,3.2,2,3,2,3,2,2.5,2.5,7,22.4,40,Inward,407C
Laura,2016-12-10T00:00:00Z,ADGP - Gold Coast,2,6243,D,10,3.2,7,7,6.5,6.5,6.5,7,6.5,20,64,62,Armstand backward,6243D
Laura,2016-12-10T00:00:00Z,ADGP - Gold Coast,1,305,C,10,2.8,3.5,3.5,3.5,4,3.5,3.5,3.5,10.5,29.4,30,Reverse,305C
Laura,2016-12-10T00:00:00Z,ADGP - Gold Coast,1,305,C,10,2.8,7,6.5,7,7,6.5,6.5,7.5,20.5,57.4,30,Reverse,305C
Laura,2016-12-10T00:00:00Z,ADGP - Gold Coast,2,6243,D,10,3.2,6.5,6.5,6,5.5,6.5,6.5,5,19,60.8,62,Armstand backward,6243D
Laura,2016-12-10T00:00:00Z,ADGP - Gold Coast,3,407,C,10,3.2,3,3,2,2.5,2,3.5,2.5,8,25.6,40,Inward,407C
Laura,2016-12-10T00:00:00Z,ADGP - Gold Coast,4,107,B,10,3,2,1.5,2,2.5,1.5,2.5,2.5,6.5,19.5,10,Forwards,107B
Laura,2017-04-21T00:00:00Z,2017 Victorian Open Championships,1,6243,D,10,3.2,7.5,7,6.5,7,7,6.5,7.5,21,67.2,62,Armstand backward,6243D
Laura,2017-04-21T00:00:00Z,2017 Victorian Open Championships,2,5253,B,10,3.2,5,4,5,5.5,5.5,5.5,5,15.5,49.6,52,Backward Twist,5253B
Laura,2017-04-21T00:00:00Z,2017 Victorian Open Championships,3,205,B,10,2.9,5.5,5,6,5.5,5.5,6,5.5,16.5,47.85,20,Backward,205B
Laura,2017-04-21T00:00:00Z,2017 Victorian Open Championships,1,6243,D,10,3.2,6,5.5,6,6.5,6,6,6.5,18,57.6,62,Armstand backward,6243D
Laura,2017-04-21T00:00:00Z,2017 Victorian Open Championships,2,5253,B,10,3.2,4.5,3.5,4,4,3.5,4,4,12,38.4,52,Backward Twist,5253B
Laura,2017-04-21T00:00:00Z,2017 Victorian Open Championships,3,205,B,10,2.9,4,4,4.5,3,5.5,4,4,12,34.8,20,Backward,205B
Laura,2017-05-23T00:00:00Z,2017 Australian Open Champs. inc. World Champs Trials,5,305,C,10,2.8,4,4,3,4,4,3.5,4,12,33.6,30,Reverse,305C
Laura,2017-05-23T00:00:00Z,2017 Australian Open Champs. inc. World Champs Trials,4,107,B,10,3,5.5,6.5,5,5.5,5,5.5,5,16,48,10,Forwards,107B
Laura,2017-05-23T00:00:00Z,2017 Australian Open Champs. inc. World Champs Trials,3,205,B,10,2.9,2,2,2,1.5,2,1.5,2,6,17.4,20,Backward,205B
Laura,2017-05-23T00:00:00Z,2017 Australian Open Champs. inc. World Champs Trials,2,5253,B,10,3.2,6,6,6.5,6.5,5.5,6,6.5,18.5,59.2,52,Backward Twist,5253B
Laura,2017-05-23T00:00:00Z,2017 Australian Open Champs. inc. World Champs Trials,1,6243,D,10,3.2,7,7.5,6.5,7,6.5,6.5,6.5,20,64,62,Armstand backward,6243D
Laura,2017-05-23T00:00:00Z,2017 Australian Open Champs. inc. World Champs Trials,5,305,C,10,2.8,6.5,6,6.5,6.5,7,6.5,6.5,19.5,54.6,30,Reverse,305C
Laura,2017-05-23T00:00:00Z,2017 Australian Open Champs. inc. World Champs Trials,4,107,B,10,3,6.5,5.5,7,6.5,6.5,6.5,6.5,19.5,58.5,10,Forwards,107B
Laura,2017-05-23T00:00:00Z,2017 Australian Open Champs. inc. World Champs Trials,3,205,B,10,2.9,6.5,6.5,6.5,7.5,7,7.5,7,20.5,59.45,20,Backward,205B
Laura,2017-05-23T00:00:00Z,2017 Australian Open Champs. inc. World Champs Trials,2,5253,B,10,3.2,6,6,7,6,6.5,7,6.5,19,60.8,52,Backward Twist,5253B
Laura,2017-05-23T00:00:00Z,2017 Australian Open Champs. inc. World Champs Trials,1,6243,D,10,3.2,7,6.5,7,7,6,7,6.5,20.5,65.6,62,Armstand backward,6243D
Laura,2017-05-23T00:00:00Z,2017 Australian Open Champs. inc. World Champs Trials,5,305,C,10,2.8,3.5,3,4,3.5,4,4,3.5,11,30.8,30,Reverse,305C
Laura,2017-05-23T00:00:00Z,2017 Australian Open Champs. inc. World Champs Trials,4,107,B,10,3,4,4,3.5,3.5,3.5,3.5,4,11,33,10,Forwards,107B
Laura,2017-05-23T00:00:00Z,2017 Australian Open Champs. inc. World Champs Trials,3,205,B,10,2.9,4,4,4.5,4,4.5,4.5,4.5,13,37.7,20,Backward,205B
Laura,2017-05-23T00:00:00Z,2017 Australian Open Champs. inc. World Champs Trials,2,5253,B,10,3.2,6,6.5,6.5,6.5,6.5,7,6.5,19.5,62.4,52,Backward Twist,5253B
Laura,2017-05-23T00:00:00Z,2017 Australian Open Champs. inc. World Champs Trials,1,6243,D,10,3.2,6.5,6,6.5,5.5,6.5,6.5,6,19,60.8,62,Armstand backward,6243D
Laura,2017-10-20T00:00:00Z,2017 Pullar Family Championships,5,5253,B,10,3.2,3.5,4,4,3.5,2.5,3.5,3,10.5,33.6,52,Backward Twist,5253B
Laura,2017-10-20T00:00:00Z,2017 Pullar Family Championships,4,305,C,10,2.8,7,6.5,7,7,7.5,7,7.5,21,58.8,30,Reverse,305C
Laura,2017-10-20T00:00:00Z,2017 Pullar Family Championships,3,107,B,10,3,3.5,3.5,4,3.5,3.5,4,3.5,10.5,31.5,10,Forwards,107B
Laura,2017-10-20T00:00:00Z,2017 Pullar Family Championships,2,6243,D,10,3.2,7,7,6.5,6.5,8,6.5,7,20.5,65.6,62,Armstand backward,6243D
Laura,2017-10-20T00:00:00Z,2017 Pullar Family Championships,1,205,B,10,2.9,6,7,6.5,6.5,7,7,7.5,20.5,59.45,20,Backward,205B
Laura,2017-10-20T00:00:00Z,2017 Pullar Family Championships,5,5253,B,10,3.2,6.5,6,6.5,7.5,6.5,7,7,20,64,52,Backward Twist,5253B
Laura,2017-10-20T00:00:00Z,2017 Pullar Family Championships,4,305,C,10,2.8,7,8,7.5,8,8,8,7.5,23.5,65.8,30,Reverse,305C
Laura,2017-10-20T00:00:00Z,2017 Pullar Family Championships,3,107,B,10,3,7,8,7,7.5,7,7,8,21.5,64.5,10,Forwards,107B
Laura,2017-10-20T00:00:00Z,2017 Pullar Family Championships,2,6243,D,10,3.2,8,8,7,8,7.5,6.5,7,22.5,72,62,Armstand backward,6243D
Laura,2017-10-20T00:00:00Z,2017 Pullar Family Championships,1,205,B,10,2.9,5,4.5,4.5,6,5,6,6,16,46.4,20,Backward,205B
Laura,2017-12-14T00:00:00Z,Gold Coast Commonwealth Games Trials,5,5253,B,10,3.2,5.5,5,6.5,5.5,6,6,6,17.5,56,52,Backward Twist,5253B
Laura,2017-12-14T00:00:00Z,Gold Coast Commonwealth Games Trials,4,305,C,10,2.8,4.5,5.5,5.5,5.5,5,4.5,5,15.5,43.4,30,Reverse,305C
Laura,2017-12-14T00:00:00Z,Gold Coast Commonwealth Games Trials,3,107,B,10,3,5.5,5,5,5.5,5.5,5.5,5,16,48,10,Forwards,107B
Laura,2017-12-14T00:00:00Z,Gold Coast Commonwealth Games Trials,2,6243,D,10,3.2,6.5,6.5,7.5,6.5,6.5,7,6.5,19.5,62.4,62,Armstand backward,6243D
Laura,2017-12-14T00:00:00Z,Gold Coast Commonwealth Games Trials,1,205,B,10,2.9,4.5,4.5,4.5,4.5,4.5,4.5,4.5,13.5,39.15,20,Backward,205B
Laura,2017-12-14T00:00:00Z,Gold Coast Commonwealth Games Trials,1,205,B,10,2.9,5,5.5,4.5,4.5,4.5,4.5,5,14,40.6,20,Backward,205B
Laura,2017-12-14T00:00:00Z,Gold Coast Commonwealth Games Trials,2,6243,D,10,3.2,7.5,7,6.5,7,6.5,7,7,21,67.2,62,Armstand backward,6243D
Laura,2017-12-14T00:00:00Z,Gold Coast Commonwealth Games Trials,3,107,B,10,3,3.5,4,4.5,3,4.5,4,4.5,12.5,37.5,10,Forwards,107B
Laura,2017-12-14T00:00:00Z,Gold Coast Commonwealth Games Trials,4,305,C,10,2.8,7,6.5,6.5,6.5,7,6,6,19.5,54.6,30,Reverse,305C
Laura,2017-12-14T00:00:00Z,Gold Coast Commonwealth Games Trials,5,5253,B,10,3.2,5.5,5,5.5,5,4.5,4.5,4.5,14.5,46.4,52,Backward Twist,5253B
Laura,2018-05-11T00:00:00Z,2018 Victorian Open Championships,1,107,B,10,3,6,6.5,6.5,6.5,6,7,6.5,19.5,58.5,10,Forwards,107B
Laura,2018-05-11T00:00:00Z,2018 Victorian Open Championships,2,6243,D,10,3.2,5.5,7,6,6.5,6.5,5.5,6.5,19,60.8,62,Armstand backward,6243D
Laura,2018-05-11T00:00:00Z,2018 Victorian Open Championships,3,407,C,10,3.2,7,7,6,7,6.5,7,6.5,20.5,65.6,40,Inward,407C
Laura,2018-05-11T00:00:00Z,2018 Victorian Open Championships,4,205,B,10,2.9,8,8,8,8,7.5,8,7.5,24,69.6,20,Backward,205B
Laura,2018-05-11T00:00:00Z,2018 Victorian Open Championships,5,5253,B,10,3.2,6,7.5,6.5,6,6.5,5.5,6,18.5,59.2,52,Backward Twist,5253B
Laura,2018-05-23T00:00:00Z,2018 Australian Open Champs. inc. World Cup Trials,1,107,B,10,3,5,5,5,5,5.5,5.5,6,15.5,46.5,10,Forwards,107B
Laura,2018-05-23T00:00:00Z,2018 Australian Open Champs. inc. World Cup Trials,2,6243,D,10,3.2,6.5,6,6.5,7.5,6,6,6,18.5,59.2,62,Armstand backward,6243D
Laura,2018-05-23T00:00:00Z,2018 Australian Open Champs. inc. World Cup Trials,3,407,C,10,3.2,5.5,5,5,5.5,5,5,4.5,15,48,40,Inward,407C
Laura,2018-05-23T00:00:00Z,2018 Australian Open Champs. inc. World Cup Trials,4,205,B,10,2.9,5.5,5.5,5.5,5.5,5.5,6,5.5,16.5,47.85,20,Backward,205B
Laura,2018-05-23T00:00:00Z,2018 Australian Open Champs. inc. World Cup Trials,5,5253,B,10,3.2,6,6,5,5,5.5,5,5.5,16,51.2,52,Backward Twist,5253B
Laura,2018-05-23T00:00:00Z,2018 Australian Open Champs. inc. World Cup Trials,5,5253,B,10,3.2,5,5,4.5,4.5,5,4.5,5,14.5,46.4,52,Backward Twist,5253B
Laura,2018-05-23T00:00:00Z,2018 Australian Open Champs. inc. World Cup Trials,4,205,B,10,2.9,3,3,3.5,3,3,3,3.5,9,26.1,20,Backward,205B
Laura,2018-05-23T00:00:00Z,2018 Australian Open Champs. inc. World Cup Trials,3,407,C,10,3.2,4.5,4.5,5,5.5,5.5,4.5,4.5,14,44.8,40,Inward,407C
Laura,2018-05-23T00:00:00Z,2018 Australian Open Champs. inc. World Cup Trials,2,6243,D,10,3.2,7,7,6.5,6.5,7,6.5,7,20.5,65.6,62,Armstand backward,6243D
Laura,2018-05-23T00:00:00Z,2018 Australian Open Champs. inc. World Cup Trials,1,107,B,10,3,4.5,4.5,5,5,5,4.5,5,14.5,43.5,10,Forwards,107B
Laura,2018-05-23T00:00:00Z,2018 Australian Open Champs. inc. World Cup Trials,1,107,B,10,3,7.5,7,7,6.5,6.5,7,7,21,63,10,Forwards,107B
Laura,2018-05-23T00:00:00Z,2018 Australian Open Champs. inc. World Cup Trials,2,6243,D,10,3.2,8,7.5,8,8,8,7.5,7.5,23.5,75.2,62,Armstand backward,6243D
Laura,2018-05-23T00:00:00Z,2018 Australian Open Champs. inc. World Cup Trials,3,407,C,10,3.2,2.5,2.5,2,2.5,2.5,2.5,2,7.5,24,40,Inward,407C
Laura,2018-05-23T00:00:00Z,2018 Australian Open Champs. inc. World Cup Trials,4,205,B,10,2.9,5.5,5.5,4.5,5,5.5,5,5.5,16,46.4,20,Backward,205B
Laura,2018-05-23T00:00:00Z,2018 Australian Open Champs. inc. World Cup Trials,5,5253,B,10,3.2,5,5.5,5.5,6,5.5,6.5,5,16.5,52.8,52,Backward Twist,5253B
Laura,2018-12-08T00:00:00Z,2018 Australian Domestic Grand Prix,1,5253,B,10,3.2,6.5,6.5,7,6.5,7,7,7,20.5,65.6,52,Backward Twist,5253B
Laura,2018-12-08T00:00:00Z,2018 Australian Domestic Grand Prix,2,205,B,10,2.9,7,6.5,6.5,6,6.5,6.5,6.5,19.5,56.55,20,Backward,205B
Laura,2018-12-08T00:00:00Z,2018 Australian Domestic Grand Prix,3,103,B,10,1.6,6.5,6.5,6.5,6,6.5,5.5,6.5,19.5,31.2,10,Forwards,103B
Laura,2018-12-08T00:00:00Z,2018 Australian Domestic Grand Prix,4,6243,D,10,3.2,6,7,7,7,6.5,7,6.5,20.5,65.6,62,Armstand backward,6243D
Laura,2018-12-08T00:00:00Z,2018 Australian Domestic Grand Prix,5,305,C,10,2.8,7.5,7.5,7,7.5,7.5,7.5,7,22.5,63,30,Reverse,305C
Laura,2018-12-08T00:00:00Z,2018 Australian Domestic Grand Prix,1,5253,B,10,3.2,5.5,6,5.5,5.5,5,5,6,16.5,52.8,52,Backward Twist,5253B
Laura,2018-12-08T00:00:00Z,2018 Australian Domestic Grand Prix,2,205,B,10,2.9,8,7.5,7,7.5,8,8,7,23,66.7,20,Backward,205B
Laura,2018-12-08T00:00:00Z,2018 Australian Domestic Grand Prix,3,103,B,10,1.6,7.5,7.5,7,7.5,6.5,7.5,7,22,35.2,10,Forwards,103B
Laura,2018-12-08T00:00:00Z,2018 Australian Domestic Grand Prix,4,6243,D,10,3.2,5,4.5,4.5,6,6.5,6,6,17,54.4,62,Armstand backward,6243D
Laura,2018-12-08T00:00:00Z,2018 Australian Domestic Grand Prix,5,305,C,10,2.8,3.5,4,4,4,4,4,4,12,33.6,30,Reverse,305C
Laura,2019-03-15T00:00:00Z,2019 DSA Term 1 Championships,5,305,C,10,2.8,8,8.5,7.5,8,8.5,7,8,24,67.2,30,Reverse,305C
Laura,2019-03-15T00:00:00Z,2019 DSA Term 1 Championships,4,6243,D,10,3.2,6.5,6.5,5.5,5.5,6.5,5.5,6,18,57.6,62,Armstand backward,6243D
Laura,2019-03-15T00:00:00Z,2019 DSA Term 1 Championships,2,205,B,10,2.9,7.5,7,6.5,7.5,6.5,6.5,7,20.5,59.45,20,Backward,205B
Laura,2019-03-15T00:00:00Z,2019 DSA Term 1 Championships,1,5253,B,10,3.2,5.5,6.5,6,6,6.5,5.5,5,17.5,56,52,Backward Twist,5253B
Laura,2019-03-30T00:00:00Z,2019 Victorian Open Qualifier,5,305,C,10,2.8,6.5,6.5,6,6,6,6.5,7.5,19,53.2,30,Reverse,305C
Laura,2019-03-30T00:00:00Z,2019 Victorian Open Qualifier,4,6243,D,10,3.2,7,7.5,6.5,7,7.5,8,7,21.5,68.8,62,Armstand backward,6243D
Laura,2019-03-30T00:00:00Z,2019 Victorian Open Qualifier,3,407,C,10,3.2,6.5,5.5,6,5.5,6,5,6.5,17.5,56,40,Inward,407C
Laura,2019-03-30T00:00:00Z,2019 Victorian Open Qualifier,2,205,B,10,2.9,8.5,7.5,7,7,7.5,8,7.5,22.5,65.25,20,Backward,205B
Laura,2019-03-30T00:00:00Z,2019 Victorian Open Qualifier,1,5253,B,10,3.2,5.5,6.5,6,6,6,5.5,6.5,18,57.6,52,Backward Twist,5253B
Laura,2019-05-03T00:00:00Z,2019 Victorian Open Championships,1,5253,B,10,3.2,7,7.5,8,7.5,8,7,8,23,73.6,52,Backward Twist,5253B
Laura,2019-05-03T00:00:00Z,2019 Victorian Open Championships,2,205,B,10,2.9,5.5,5,5,5,5.5,5.5,5.5,16,46.4,20,Backward,205B
Laura,2019-05-03T00:00:00Z,2019 Victorian Open Championships,3,407,C,10,3.2,6,6,7,7,6.5,7,8,20.5,65.6,40,Inward,407C
Laura,2019-05-03T00:00:00Z,2019 Victorian Open Championships,4,6243,D,10,3.2,7,7.5,7,7.5,7,6,8,21.5,68.8,62,Armstand backward,6243D
Laura,2019-05-03T00:00:00Z,2019 Victorian Open Championships,5,305,C,10,2.8,8,8,8,7.5,7.5,7.5,8.5,23.5,65.8,30,Reverse,305C
Laura,2019-05-03T00:00:00Z,2019 Victorian Open Championships,5,305,C,10,2.8,8,7.5,7.5,7,8.5,0,0,23,64.4,30,Reverse,305C
Laura,2019-05-03T00:00:00Z,2019 Victorian Open Championships,4,6243,D,10,3.2,7,7.5,6.5,7,6.5,0,0,20.5,65.6,62,Armstand backward,6243D
Laura,2019-05-03T00:00:00Z,2019 Victorian Open Championships,3,407,C,10,3.2,4.5,5.5,4.5,5,6.5,0,0,15,48,40,Inward,407C
Laura,2019-05-03T00:00:00Z,2019 Victorian Open Championships,2,205,B,10,2.9,2.5,3,3,3,4,0,0,9,26.1,20,Backward,205B
Laura,2019-05-03T00:00:00Z,2019 Victorian Open Championships,1,5253,B,10,3.2,5.5,6,4.5,6,4.5,0,0,16,51.2,52,Backward Twist,5253B
Laura,2019-06-05T00:00:00Z,2019 Australian Open Champs. inc. World Champs Trials,5,305,C,10,2.8,4.5,4,4.5,4.5,4.5,4,4.5,13.5,37.8,30,Reverse,305C
Laura,2019-06-05T00:00:00Z,2019 Australian Open Champs. inc. World Champs Trials,4,6243,D,10,3.2,8.5,8.5,8.5,7.5,8,7.5,8,24.5,78.4,62,Armstand backward,6243D
Laura,2019-06-05T00:00:00Z,2019 Australian Open Champs. inc. World Champs Trials,3,407,C,10,3.2,4.5,5,5.5,6,6,5.5,6,17,54.4,40,Inward,407C
Laura,2019-06-05T00:00:00Z,2019 Australian Open Champs. inc. World Champs Trials,2,205,B,10,2.9,8.5,8,8,8,7.5,7.5,8,24,69.6,20,Backward,205B
Laura,2019-06-05T00:00:00Z,2019 Australian Open Champs. inc. World Champs Trials,1,5253,B,10,3.2,7,7,6.5,7,6.5,6.5,6.5,20,64,52,Backward Twist,5253B
Laura,2019-06-05T00:00:00Z,2019 Australian Open Champs. inc. World Champs Trials,1,5253,B,10,3.2,6.5,6,7,7,6.5,5.5,7,20,64,52,Backward Twist,5253B
Laura,2019-06-05T00:00:00Z,2019 Australian Open Champs. inc. World Champs Trials,2,205,B,10,2.9,5.5,5.5,5.5,6,6,5,6,17,49.3,20,Backward,205B
Laura,2019-06-05T00:00:00Z,2019 Australian Open Champs. inc. World Champs Trials,3,407,C,10,3.2,5.5,5.5,6,6.5,6.5,5.5,6,17.5,56,40,Inward,407C
Laura,2019-06-05T00:00:00Z,2019 Australian Open Champs. inc. World Champs Trials,4,6243,D,10,3.2,6,6,6,6,5.5,6.5,6,18,57.6,62,Armstand backward,6243D
Laura,2019-06-05T00:00:00Z,2019 Australian Open Champs. inc. World Champs Trials,5,305,C,10,2.8,3,4,4,4,3.5,3.5,4,11.5,32.2,30,Reverse,305C
Laura,2019-06-05T00:00:00Z,2019 Australian Open Champs. inc. World Champs Trials,5,305,C,10,2.8,8,7.5,7.5,7.5,7.5,7.5,7,22.5,63,30,Reverse,305C
Laura,2019-06-05T00:00:00Z,2019 Australian Open Champs. inc. World Champs Trials,4,6243,D,10,3.2,5.5,6,6,5.5,5.5,6,5.5,17,54.4,62,Armstand backward,6243D
Laura,2019-06-05T00:00:00Z,2019 Australian Open Champs. inc. World Champs Trials,3,407,C,10,3.2,3.5,4,4,4.5,4.5,4.5,3,12.5,40,40,Inward,407C
Laura,2019-06-05T00:00:00Z,2019 Australian Open Champs. inc. World Champs Trials,2,205,B,10,2.9,7,7.5,6.5,7.5,7,6.5,7.5,21.5,62.35,20,Backward,205B
Laura,2019-06-05T00:00:00Z,2019 Australian Open Champs. inc. World Champs Trials,1,5253,B,10,3.2,7,7.5,7.5,8,7,7,7,21.5,68.8,52,Backward Twist,5253B
Laura,2019-10-18T00:00:00Z,2019 Pullar Family Championship,5,305,C,10,2.8,5.5,5.5,6.5,6.5,6.5,6,6,18.5,51.8,30,Reverse,305C
Laura,2019-10-18T00:00:00Z,2019 Pullar Family Championship,4,6243,D,10,3.2,7,7,7,7,6.5,7,7,21,67.2,62,Armstand backward,6243D
Laura,2019-10-18T00:00:00Z,2019 Pullar Family Championship,3,407,C,10,3.2,6,5,6,5.5,6,6,6,18,57.6,40,Inward,407C
Laura,2019-10-18T00:00:00Z,2019 Pullar Family Championship,2,205,B,10,2.9,4.5,4.5,4.5,4,4,5.5,4.5,13.5,39.15,20,Backward,205B
Laura,2019-10-18T00:00:00Z,2019 Pullar Family Championship,1,5253,B,10,3.2,6,6,6,5.5,6,6.5,6,18,57.6,52,Backward Twist,5253B
Laura,2019-11-22T00:00:00Z,FINA Diving Grand Prix 2019 Singapore,5,305,C,10,2.8,6,5.5,5.5,6,5.5,5.5,5.5,16.5,46.2,30,Reverse,305C
Laura,2019-11-22T00:00:00Z,FINA Diving Grand Prix 2019 Singapore,4,6243,D,10,3.2,7.5,6,7.5,6.5,7,7.5,8,22,70.4,62,Armstand backward,6243D
Laura,2019-11-22T00:00:00Z,FINA Diving Grand Prix 2019 Singapore,3,407,C,10,3.2,6.5,5,5,6.5,5.5,5.5,6.5,17.5,56,40,Inward,407C
Laura,2019-11-22T00:00:00Z,FINA Diving Grand Prix 2019 Singapore,2,205,B,10,2.9,7,6.5,8,8,8,8,8,24,69.6,20,Backward,205B
Laura,2019-11-22T00:00:00Z,FINA Diving Grand Prix 2019 Singapore,1,5253,B,10,3.2,6,5.5,6.5,5.5,6.5,6,6,18,57.6,52,Backward Twist,5253B
Laura,2019-11-22T00:00:00Z,FINA Diving Grand Prix 2019 Singapore,5,305,C,10,2.8,5,4.5,4.5,4,3.5,3.5,3.5,12,33.6,30,Reverse,305C
Laura,2019-11-22T00:00:00Z,FINA Diving Grand Prix 2019 Singapore,4,6243,D,10,3.2,6.5,6.5,7.5,7,7.5,7,7.5,21.5,68.8,62,Armstand backward,6243D
Laura,2019-11-22T00:00:00Z,FINA Diving Grand Prix 2019 Singapore,3,407,C,10,3.2,5.5,5,5.5,5,5,5.5,5.5,16,51.2,40,Inward,407C
Laura,2019-11-22T00:00:00Z,FINA Diving Grand Prix 2019 Singapore,2,205,B,10,2.9,3,3,4,3.5,4,3.5,3.5,10.5,30.45,20,Backward,205B
Laura,2019-11-22T00:00:00Z,FINA Diving Grand Prix 2019 Singapore,1,5253,B,10,3.2,6,5,5,6,6,5.5,5.5,17,54.4,52,Backward Twist,5253B
Laura,2019-12-06T00:00:00Z,2019 Australian Domestic Grand Prix - Knockout,1,5253,B,10,3.2,0,0,0,0,0,0,0,0,0,52,Backward Twist,5253B
Laura,2019-12-06T00:00:00Z,2019 Australian Domestic Grand Prix - Knockout,2,205,B,10,2.9,0,0,0,0,0,0,0,0,0,20,Backward,205B
Laura,2019-12-06T00:00:00Z,2019 Australian Domestic Grand Prix - Knockout,3,407,C,10,3.2,0,0,0,0,0,0,0,0,0,40,Inward,407C
Laura,2019-12-06T00:00:00Z,2019 Australian Domestic Grand Prix - Knockout,4,6243,D,10,3.2,0,0,0,0,0,0,0,0,0,62,Armstand backward,6243D
Laura,2019-12-06T00:00:00Z,2019 Australian Domestic Grand Prix - Knockout,5,305,C,10,2.8,0,0,0,0,0,0,0,0,0,30,Reverse,305C
Laura,2020-02-06T00:00:00Z,2020 World Cup Trials inc NSW Open Champs,1,5253,B,10,3.2,7,7.5,7.5,7,7,7,7,21,67.2,52,Backward Twist,5253B
Laura,2020-02-06T00:00:00Z,2020 World Cup Trials inc NSW Open Champs,2,205,B,10,2.9,5.5,6,6.5,6,6,6.5,6.5,18.5,53.65,20,Backward,205B
Laura,2020-02-06T00:00:00Z,2020 World Cup Trials inc NSW Open Champs,3,407,C,10,3.2,5,5,6,6,5.5,5,5,15.5,49.6,40,Inward,407C
Laura,2020-02-06T00:00:00Z,2020 World Cup Trials inc NSW Open Champs,4,6243,D,10,3.2,7,6,6,6.5,7,6,6,18.5,59.2,62,Armstand backward,6243D
Laura,2020-02-06T00:00:00Z,2020 World Cup Trials inc NSW Open Champs,5,305,C,10,2.8,8.5,8.5,9,8.5,8.5,8.5,8.5,25.5,71.4,30,Reverse,305C
Laura,2020-02-06T00:00:00Z,2020 World Cup Trials inc NSW Open Champs,5,305,C,10,2.8,7,6.5,7,7,6.5,7,7,21,58.8,30,Reverse,305C
Laura,2020-02-06T00:00:00Z,2020 World Cup Trials inc NSW Open Champs,4,6243,D,10,3.2,6.5,6,6.5,7,7,7.5,7.5,20.5,65.6,62,Armstand backward,6243D
Laura,2020-02-06T00:00:00Z,2020 World Cup Trials inc NSW Open Champs,3,407,C,10,3.2,6.5,6.5,5.5,6,6,5,6.5,18.5,59.2,40,Inward,407C
Laura,2020-02-06T00:00:00Z,2020 World Cup Trials inc NSW Open Champs,2,205,B,10,2.9,7,7,6,7.5,7,7,7,21,60.9,20,Backward,205B
Laura,2020-02-06T00:00:00Z,2020 World Cup Trials inc NSW Open Champs,1,5253,B,10,3.2,7.5,7,6.5,7.5,7,7,7.5,21.5,68.8,52,Backward Twist,5253B
Laura,2020-02-06T00:00:00Z,2020 World Cup Trials inc NSW Open Champs,5,407,C,10,3.2,7,7,7.5,7,8,8,8,38,72.96,40,Inward,407C
Laura,2020-02-06T00:00:00Z,2020 World Cup Trials inc NSW Open Champs,4,5253,B,10,3.2,5.5,6,6.5,7,6.5,7.5,6.5,32.5,62.4,52,Backward Twist,5253B
Laura,2020-02-06T00:00:00Z,2020 World Cup Trials inc NSW Open Champs,3,305,C,10,2.8,8,8.5,9,8,9,9,8.5,43,72.24,30,Reverse,305C
Laura,2020-02-06T00:00:00Z,2020 World Cup Trials inc NSW Open Champs,2,201,B,10,2,7,8,8,8.5,8,8,8.5,40.5,48.6,20,Backward,201B
Laura,2020-02-06T00:00:00Z,2020 World Cup Trials inc NSW Open Champs,1,103,B,10,2,8.5,8.5,9,8.5,8.5,8,8.5,42,50.4,10,Forwards,103B
Laura,2020-02-06T00:00:00Z,2020 World Cup Trials inc NSW Open Champs,1,5253,B,10,3.2,7,7.5,7,6.5,7,7.5,7,21,67.2,52,Backward Twist,5253B
Laura,2020-02-06T00:00:00Z,2020 World Cup Trials inc NSW Open Champs,2,205,B,10,2.9,6,7,6.5,6,6.5,6.5,6.5,19.5,56.55,20,Backward,205B
Laura,2020-02-06T00:00:00Z,2020 World Cup Trials inc NSW Open Champs,3,407,C,10,3.2,5,5,4.5,5,4,5.5,5.5,15,48,40,Inward,407C
Laura,2020-02-06T00:00:00Z,2020 World Cup Trials inc NSW Open Champs,4,6243,D,10,3.2,7.5,7,6.5,7,6.5,7.5,7,21,67.2,62,Armstand backward,6243D
Laura,2020-02-06T00:00:00Z,2020 World Cup Trials inc NSW Open Champs,5,305,C,10,2.8,8.5,7.5,7.5,8,7.5,8.5,8,23.5,65.8,30,Reverse,305C
Laura,2020-02-06T00:00:00Z,2020 World Cup Trials inc NSW Open Champs,1,103,B,10,2,6,7,8,8,7.5,7,7.5,37.5,45,10,Forwards,103B
Laura,2020-02-06T00:00:00Z,2020 World Cup Trials inc NSW Open Champs,2,201,B,10,2,8,7.5,7.5,8,8.5,8.5,8,40.5,48.6,20,Backward,201B
Laura,2020-02-06T00:00:00Z,2020 World Cup Trials inc NSW Open Champs,3,305,C,10,2.8,8,8,7,5.5,8.5,8,8,38.5,64.68,30,Reverse,305C
Laura,2020-02-06T00:00:00Z,2020 World Cup Trials inc NSW Open Champs,4,5253,B,10,3.2,6.5,6,6.5,6.5,7,7.5,7,34.5,66.24,52,Backward Twist,5253B
Laura,2020-02-06T00:00:00Z,2020 World Cup Trials inc NSW Open Champs,5,407,C,10,3.2,6,5.5,6.5,5,6.5,6.5,7,32,61.44,40,Inward,407C
Laura,2020-02-14T00:00:00Z,26 FINA Diving Grand Prix 2020 (Madrid),5,407,C,10,3.2,6,5,5.5,5,6.5,6.5,6.5,29.5,56.64,40,Inward,407C
Laura,2020-02-14T00:00:00Z,26 FINA Diving Grand Prix 2020 (Madrid),4,5253,B,10,3.2,5,4.5,5.5,6,7,7.5,7,31,59.52,52,Backward Twist,5253B
Laura,2020-02-14T00:00:00Z,26 FINA Diving Grand Prix 2020 (Madrid),3,305,C,10,2.8,6,5.5,7.5,7.5,7,7.5,7,35,58.8,30,Reverse,305C
Laura,2020-02-14T00:00:00Z,26 FINA Diving Grand Prix 2020 (Madrid),2,201,B,10,2,6.5,6.5,7,7,6.5,7,7,34,40.8,20,Backward,201B
Laura,2020-02-14T00:00:00Z,26 FINA Diving Grand Prix 2020 (Madrid),1,103,B,10,2,7.5,7.5,8.5,7,7.5,8.5,8,39.5,47.4,10,Forwards,103B
Laura,2023-12-03T00:00:00Z,2023 ADGP inc 2024 World Championships Trials (prelim),1,5253,B,10,3.2,7,6.5,6.5,6,6.5,6,6.5,19.5,62.4,52,Backward Twist,5253B
Laura,2023-12-03T00:00:00Z,2023 ADGP inc 2024 World Championships Trials (prelim),2,305,C,10,2.8,7.5,7.5,7,8,8,7.5,8,23,64.4,30,Reverse,305C
Laura,2023-12-03T00:00:00Z,2023 ADGP inc 2024 World Championships Trials (prelim),3,205,B,10,2.9,6,6,5.5,6,5.5,6,6.5,18,52.2,20,Backward,205B
Laura,2023-12-03T00:00:00Z,2023 ADGP inc 2024 World Championships Trials (prelim),4,6243,D,10,3.2,7,7,7,7,8,7,7.5,21,67.2,62,Armstand backward,6243D
Laura,2023-12-03T00:00:00Z,2023 ADGP inc 2024 World Championships Trials (prelim),5,407,C,10,3.2,6.5,6,6.5,7.5,6.5,6,7,19.5,62.4,40,Inward,407C
Laura,2023-12-04T00:00:00Z,2023 ADGP inc 2024 World Championships Trials (semifinal),1,5253,B,10,3.2,6,6.5,5.5,5.5,5.5,6,6,17.5,56,52,Backward Twist,5253B
Laura,2023-12-04T00:00:00Z,2023 ADGP inc 2024 World Championships Trials (semifinal),2,305,C,10,2.8,9,8.5,8.5,8,8,8,8.5,25,70,30,Reverse,305C
Laura,2023-12-04T00:00:00Z,2023 ADGP inc 2024 World Championships Trials (semifinal),3,205,B,10,2.9,7,8,6.5,7,6.5,7.5,7,21,60.9,20,Backward,205B
Laura,2023-12-04T00:00:00Z,2023 ADGP inc 2024 World Championships Trials (semifinal),4,6243,D,10,3.2,6,5.5,6,4,6,6.5,5.5,17.5,56,62,Armstand backward,6243D
Laura,2023-12-04T00:00:00Z,2023 ADGP inc 2024 World Championships Trials (semifinal),5,407,C,10,3.2,4.5,4.5,4,4.5,4,4,5,13,41.6,40,Inward,407C
Laura,2023-12-06T00:00:00Z,2023 ADGP inc 2024 World Championships Trials (final),1,5253,B,10,3.2,6.5,6.5,6.5,6,6,6.5,5,19,60.8,52,Backward Twist,5253B
Laura,2023-12-06T00:00:00Z,2023 ADGP inc 2024 World Championships Trials (final),2,305,C,10,2.8,8,7.5,9,9,7,8,8,24,67.2,30,Reverse,305C
Laura,2023-12-06T00:00:00Z,2023 ADGP inc 2024 World Championships Trials (final),3,205,B,10,2.9,4.5,4,4,4.5,4.5,4,4.5,13,37.7,20,Backward,205B
Laura,2023-12-06T00:00:00Z,2023 ADGP inc 2024 World Championships Trials (final),4,6243,D,10,3.2,7.5,7,8,7.5,7.5,7.5,8,22.5,72,62,Armstand backward,6243D
Laura,2023-12-06T00:00:00Z,2023 ADGP inc 2024 World Championships Trials (final),5,407,C,10,3.2,6.5,6,5.5,6.5,6,6,5.5,18,57.6,40,Inward,407C
Laura,2023-05-24T00:00:00Z,2023 Australian Open Champs. inc. Nomination Trials (prelim),1,5253,B,10,3.2,4.5,4.5,4.5,4,5,4,4.5,13.5,43.2,52,Backward Twist,5253B
Laura,2023-05-24T00:00:00Z,2023 Australian Open Champs. inc. Nomination Trials (prelim),2,205,B,10,2.9,5.5,6.5,6.5,6.5,6,5.5,6,18.5,53.65,20,Backward,205B
Laura,2023-05-24T00:00:00Z,2023 Australian Open Champs. inc. Nomination Trials (prelim),3,407,C,10,3.2,4.5,3.5,4,4,4.5,4.5,4.5,13,41.6,40,Inward,407C
Laura,2023-05-24T00:00:00Z,2023 Australian Open Champs. inc. Nomination Trials (prelim),4,6243,D,10,3.2,6.5,6.5,6.5,6.5,7,6.5,6.5,19.5,62.4,62,Armstand backward,6243D
Laura,2023-05-24T00:00:00Z,2023 Australian Open Champs. inc. Nomination Trials (prelim),5,305,C,10,2.8,8.5,7.5,8,7,8,8,7.5,23.5,65.8,30,Reverse,305C
Laura,2023-05-26T00:00:00Z,2023 Australian Open Champs. inc. Nomination Trials (semifinal),1,5253,B,10,3.2,5.5,5,5,5.5,5,5,5.5,15.5,49.6,52,Backward Twist,5253B
Laura,2023-05-26T00:00:00Z,2023 Australian Open Champs. inc. Nomination Trials (semifinal),2,205,B,10,2.9,7.5,7,7,7,6.5,6.5,6.5,20.5,59.45,20,Backward,205B
Laura,2023-05-26T00:00:00Z,2023 Australian Open Champs. inc. Nomination Trials (semifinal),3,407,C,10,3.2,4,4,4,4.5,4,4,4,12,38.4,40,Inward,407C
Laura,2023-05-26T00:00:00Z,2023 Australian Open Champs. inc. Nomination Trials (semifinal),4,6243,D,10,3.2,6.5,6.5,6.5,6,5,6,5.5,18.5,59.2,62,Armstand backward,6243D
Laura,2023-05-26T00:00:00Z,2023 Australian Open Champs. inc. Nomination Trials (semifinal),5,305,C,10,2.8,7.5,7.5,7,7.5,7,7,7.5,22,61.6,30,Reverse,305C
Laura,2023-05-28T00:00:00Z,2023 Australian Open Champs. inc. Nomination Trials (final),1,5253,B,10,3.2,4,4.5,4.5,4.5,5.5,4,5,13.5,43.2,52,Backward Twist,5253B
Laura,2023-05-28T00:00:00Z,2023 Australian Open Champs. inc. Nomination Trials (final),2,205,B,10,2.9,6.5,6.5,7,7,6.5,6.5,7,20,58,20,Backward,205B
Laura,2023-05-28T00:00:00Z,2023 Australian Open Champs. inc. Nomination Trials (final),3,407,C,10,3.2,6.5,7.5,6.5,6.5,7,7.5,7,20.5,65.6,40,Inward,407C
Laura,2023-05-28T00:00:00Z,2023 Australian Open Champs. inc. Nomination Trials (final),4,6243,D,10,3.2,6.5,7,6.5,7,7,7.5,8,21,67.2,62,Armstand backward,6243D
Laura,2023-05-28T00:00:00Z,2023 Australian Open Champs. inc. Nomination Trials (final),5,305,C,10,2.8,5.5,6,6,6.5,6,7,5.5,18,50.4,30,Reverse,305C
Laura,2022-06-03T00:00:00Z,2022 Australian Open Champs. inc. Nomination Trials (prelim),1,5253,B,10,3.2,6,6.5,6,6,5.5,5.5,6.5,18,57.6,52,Backward Twist,5253B
Laura,2022-06-03T00:00:00Z,2022 Australian Open Champs. inc. Nomination Trials (prelim),2,205,B,10,2.9,7,7,8,7.5,7,7.5,8,22,63.8,20,Backward,205B
Laura,2022-06-03T00:00:00Z,2022 Australian Open Champs. inc. Nomination Trials (prelim),3,407,C,10,3.2,6,5.5,6,5.5,5,5.5,5.5,16.5,52.8,40,Inward,407C
Laura,2022-06-03T00:00:00Z,2022 Australian Open Champs. inc. Nomination Trials (prelim),4,6243,D,10,3.2,7,8.5,8,8,7.5,7,8.5,23.5,75.2,62,Armstand backward,6243D
Laura,2022-06-03T00:00:00Z,2022 Australian Open Champs. inc. Nomination Trials (prelim),5,305,C,10,2.8,4.5,5.5,4.5,4,4.5,4.5,4.5,13.5,37.8,30,Reverse,305C
Laura,2022-06-04T00:00:00Z,2022 Australian Open Champs. inc. Nomination Trials (final),1,5253,B,10,3.2,6,5.5,6.5,6.5,6.5,6,7,19,60.8,52,Backward Twist,5253B
Laura,2022-06-04T00:00:00Z,2022 Australian Open Champs. inc. Nomination Trials (final),2,205,B,10,2.9,8,7.5,7.5,8.5,7.5,7.5,8,23,66.7,20,Backward,205B
Laura,2022-06-04T00:00:00Z,2022 Australian Open Champs. inc. Nomination Trials (final),3,407,C,10,3.2,4,5,3.5,5.5,4.5,6,4.5,14,44.8,40,Inward,407C
Laura,2022-06-04T00:00:00Z,2022 Australian Open Champs. inc. Nomination Trials (final),4,6243,D,10,3.2,7.5,7,6.5,7,7.5,8,7,21.5,68.8,62,Armstand backward,6243D
Laura,2022-06-04T00:00:00Z,2022 Australian Open Champs. inc. Nomination Trials (final),5,305,C,10,2.8,7.5,7.5,7.5,8.5,7.5,8,7.5,22.5,63,30,Reverse,305C
Laura,2021-06-08T00:00:00Z,2021 Australian Open Champs. inc. Nomination Trials (prelim),1,5253,B,10,3.2,4.5,6.5,5.5,5,5.5,5,6,16,51.2,52,Backward Twist,5253B
Laura,2021-06-08T00:00:00Z,2021 Australian Open Champs. inc. Nomination Trials (prelim),2,205,B,10,2.9,6,7,6,6,7,6,7,19,55.1,20,Backward,205B
Laura,2021-06-08T00:00:00Z,2021 Australian Open Champs. inc. Nomination Trials (prelim),3,407,C,10,3.2,3,4.5,4,4,4,4,3.5,12,38.4,40,Inward,407C
Laura,2021-06-08T00:00:00Z,2021 Australian Open Champs. inc. Nomination Trials (prelim),4,6243,D,10,3.2,4.5,4.5,4.5,4.5,4.5,4.5,4.5,13.5,43.2,62,Armstand backward,6243D
Laura,2021-06-08T00:00:00Z,2021 Australian Open Champs. inc. Nomination Trials (prelim),5,305,C,10,2.8,7,6,6.5,5,6.5,6,6.5,19,53.2,30,Reverse,305C
Laura,2021-03-29T00:00:00Z,2021 AUS World Cup Team Selection Trials (prelim),1,5253,B,10,3.2,6,6.5,6,6.5,6.5,NA,NA,19,60.8,52,Backward Twist,5253B
Laura,2021-03-29T00:00:00Z,2021 AUS World Cup Team Selection Trials (prelim),2,205,B,10,2.9,4.5,5.5,6,4,5,NA,NA,15,43.5,20,Backward,205B
Laura,2021-03-29T00:00:00Z,2021 AUS World Cup Team Selection Trials (prelim),3,407,C,10,3.2,5,5,5,5.5,5.5,NA,NA,15.5,49.6,40,Inward,407C
Laura,2021-03-29T00:00:00Z,2021 AUS World Cup Team Selection Trials (prelim),4,6243,D,10,3.2,7,7.5,8,7.5,7.5,NA,NA,22.5,72,62,Armstand backward,6243D
Laura,2021-03-29T00:00:00Z,2021 AUS World Cup Team Selection Trials (prelim),5,305,C,10,2.8,7.5,8,8,8,8.5,NA,NA,24,67.2,30,Reverse,305C
Laura,2021-03-29T00:00:00Z,2021 AUS World Cup Team Selection Trials (final),1,5253,B,10,3.2,6,5,6,5.5,5.5,NA,NA,17,54.4,52,Backward Twist,5253B
Laura,2021-03-29T00:00:00Z,2021 AUS World Cup Team Selection Trials (final),2,205,B,10,2.9,6.5,6,6.5,6,6.5,NA,NA,19,55.1,20,Backward,205B
Laura,2021-03-29T00:00:00Z,2021 AUS World Cup Team Selection Trials (final),3,407,C,10,3.2,7.5,7.5,6.5,7,7,NA,NA,21.5,68.8,40,Inward,407C
Laura,2021-03-29T00:00:00Z,2021 AUS World Cup Team Selection Trials (final),4,6243,D,10,3.2,8,7.5,7.5,7.5,7.5,NA,NA,22.5,72,62,Armstand backward,6243D
Laura,2021-03-29T00:00:00Z,2021 AUS World Cup Team Selection Trials (final),5,305,C,10,2.8,4.5,5,4.5,5,5,NA,NA,14.5,40.6,30,Reverse,305C
Laura,2020-02-07T00:00:00Z,2020 World Cup Trials inc NSW Open Champs (prelim),1,5253,B,10,3.2,7,7.5,7,6.5,7,7.5,7,21,67.2,52,Backward Twist,5253B
Laura,2020-02-07T00:00:00Z,2020 World Cup Trials inc NSW Open Champs (prelim),2,205,B,10,2.9,6,7,6.5,6,6.5,6.5,6.5,19.5,56.55,20,Backward,205B
Laura,2020-02-07T00:00:00Z,2020 World Cup Trials inc NSW Open Champs (prelim),3,407,C,10,3.2,5,5,4.5,5,4,5.5,5.5,15,48,40,Inward,407C
Laura,2020-02-07T00:00:00Z,2020 World Cup Trials inc NSW Open Champs (prelim),4,6243,D,10,3.2,7.5,7,6.5,7,6.5,7.5,7,21,67.2,62,Armstand backward,6243D
Laura,2020-02-07T00:00:00Z,2020 World Cup Trials inc NSW Open Champs (prelim),5,305,C,10,2.8,8.5,7.5,7.5,8,7.5,8.5,8,23.5,65.8,30,Reverse,305C
Laura,2020-02-07T00:00:00Z,2020 World Cup Trials inc NSW Open Champs (semifinal),1,5253,B,10,3.2,7.5,7,6.5,7.5,7,7,7.5,21.5,68.8,52,Backward Twist,5253B
Laura,2020-02-07T00:00:00Z,2020 World Cup Trials inc NSW Open Champs (semifinal),2,205,B,10,2.9,7,7,6,7.5,7,7,7,21,60.9,20,Backward,205B
Laura,2020-02-07T00:00:00Z,2020 World Cup Trials inc NSW Open Champs (semifinal),3,407,C,10,3.2,6.5,6.5,5.5,6,6,5,6.5,18.5,59.2,40,Inward,407C
Laura,2020-02-07T00:00:00Z,2020 World Cup Trials inc NSW Open Champs (semifinal),4,6243,D,10,3.2,6.5,6,6.5,7,7,7.5,7.5,20.5,65.6,62,Armstand backward,6243D
Laura,2020-02-07T00:00:00Z,2020 World Cup Trials inc NSW Open Champs (semifinal),5,305,C,10,2.8,7,6.5,7,7,6.5,7,7,21,58.8,30,Reverse,305C
Laura,2020-02-09T00:00:00Z,2020 World Cup Trials inc NSW Open Champs (final),1,5253,B,10,3.2,7,7.5,7.5,7,7,7,7,21,67.2,52,Backward Twist,5253B
Laura,2020-02-09T00:00:00Z,2020 World Cup Trials inc NSW Open Champs (final),2,205,B,10,2.9,5.5,6,6.5,6,6,6.5,6.5,18.5,53.65,20,Backward,205B
Laura,2020-02-09T00:00:00Z,2020 World Cup Trials inc NSW Open Champs (final),3,407,C,10,3.2,5,5,6,6,5.5,5,5,15.5,49.6,40,Inward,407C
Laura,2020-02-09T00:00:00Z,2020 World Cup Trials inc NSW Open Champs (final),4,6243,D,10,3.2,7,6,6,6.5,7,6,6,18.5,59.2,62,Armstand backward,6243D
Laura,2020-02-09T00:00:00Z,2020 World Cup Trials inc NSW Open Champs (final),5,305,C,10,2.8,8.5,8.5,9,8.5,8.5,8.5,8.5,25.5,71.4,30,Reverse,305C
